CODE,Numero,Nom,Prénom,Date de naissance,Classe,Note
AAD003,2016023LD,NDIAYE,mbaye,12/9/2000,5ieme A,"PC[15;11:9]# Math[12;14,5;11:13]   #Francais[4;11:13]  #Anglais[13,8:15]  #SVT[12;9;16;11:12]  #HG[11:13]"
AAD003,286325HG,GAYE,Sidi,13-4-2012,3iemeA,"Math[10;14,5:16] #PC[11:9]  #Francais[4;11:13]  #SVT[12;9;16;11:12] #HG[10:13]  #Anglais[13,5:15]"
AAD003,2014079LH,Diallo,awa,16.01.2004,5emeA,"SVT[15;11;11:12] #HG[6;14:16]  #Math[10;12,19;11:16]  #Francais[18;11:15] #Anglais[8,15:15]  #PC[7;11;09:9]"
AAD003,2016023LD,Ndiaye,Sidy,08-08-2008,4emeA,"PC[15;11:9]# Math[12;14,5;11:13]   #Francais[4;11:13]  #Anglais[13,8:15]  #SVT[12;9;16;11:12]  #HG[11:13]"
AAD003,286325HG,FAYE,Fallou,01.01.2002,3emeA,"Math[10;14,5:16] #PC[11:9]  #Francais[4;11:13]  #SVT[12;9;16;11:12] #HG[10:13]  #Anglais[13,5:15]"
AAD003,2014079LH,Diop,Seyni,7/11/2007,4emeA,"SVT[15;11;11:12] #HG[6;14:16]  #Math[10;12,19;11:16]  #Francais[18;11:15] #Anglais[8,15:15]  #PC[7;11;09:9]"
AAD003,2016023LD,Ba,Aliou,20.12.2002,4emeB,"PC[15;11:9]# Math[12;14,5;11:13]   #Francais[4;11:13]  #Anglais[13,8:15]  #SVT[12;9;16;11:12]  #HG[11:13]"
AAD003,286325HG,Ndoye,awa,07.07.2003,5emeA,"Math[10;14,5:16] #PC[11:9]  #Francais[4;11:13]  #SVT[12;9;16;11:12] #HG[10:13]  #Anglais[13,5:15]"
AAD003,2014079LH,Baal,Sidy,16.01.2004,4emeA,"SVT[15;11;11:12] #HG[6;14:16]  #Math[10;12,19;11:16]  #Francais[18;11:15] #Anglais[8,15:15]  #PC[7;11;09:9]"
AAD004,2016023LD,Diallo,Fallou,08-08-2008,3emeA,"PC[15;11:9]# Math[12;14,5;11:13]   #Francais[4;11:13]  #Anglais[13,8:15]  #SVT[12;9;16;11:12]  #HG[11:13]"
AAD004,286325HG,Ndiaye,Seyni,01.01.2002,4emeA,"Math[10;14,5:16] #PC[11:9]  #Francais[4;11:13]  #SVT[12;9;16;11:12] #HG[10:13]  #Anglais[13,5:15]"
AAD004,2014079LH,FAYE,Aliou,7/11/2007,4emeB,"SVT[15;11;11:12] #HG[6;14:16]  #Math[10;12,19;11:16]  #Francais[18;11:15] #Anglais[8,15:15]  #PC[7;11;09:9]"
AAD004,2016023LD,Diop,awa,20.12.2002,5emeA,"PC[15;11:9]# Math[12;14,5;11:13]   #Francais[4;11:13]  #Anglais[13,8:15]  #SVT[12;9;16;11:12]  #HG[11:13]"
AAD004,JD7LOMP,SOW,Mariama,12/18/2017,4eme,Math[0403:05] #Francais[1516:14] #Anglais[1516:17] #PC[0403:07] #SVT[1209:10] #HG[1615:17]
AAD004,LIHGT1U,Diallo,Nourou,02/01/2018,6eme,Math[1415:10] #Francais[1213:13] #Anglais[1516:17] #PC[1413:07] #SVT[15
AAD004,2014079LH,SOW,awa,12/18/2017,4eme,"SVT[15;11;11:12] #HG[6;14:16]  #Math[10;12,19;11:16]  #Francais[18;11:15] #Anglais[8,15:15]  #PC[7;11;09:9]"
AAD004,2016023LD,Diallo,Sidy,02/01/2018,6eme,"PC[15;11:9]# Math[12;14,5;11:13]   #Francais[4;11:13]  #Anglais[13,8:15]  #SVT[12;9;16;11:12]  #HG[11:13]"
AAD004,286325HG,SOW,Fallou,12/18/2017,4eme,"Math[10;14,5:16] #PC[11:9]  #Francais[4;11:13]  #SVT[12;9;16;11:12] #HG[10:13]  #Anglais[13,5:15]"
AAD004,2014079LH,Diallo,awa,02/01/2018,6eme,"SVT[15;11;11:12] #HG[6;14:16]  #Math[10;12,19;11:16]  #Francais[18;11:15] #Anglais[8,15:15]  #PC[7;11;09:9]"
AAD005,40DKG6T,Diallo,awa,21/10/2004,6emA,"PC[17;20;18:15]#Math[15;16,15;13:17]#Francais[11:13]#Anglais[14:13]#SVT[13;11;15;11:12]#HG[15:13]"
AAD005,44DSW78,Ndiaye,Sidy,19-01-05,4emB,"PC[17;20;18:15]#Math[15;16,15;13:17]#Francais[11:13]#Anglais[14:13]#SVT[13;11;15;11:12]#HG[15:13]"
AAD005,20LH7BG,FAYE,Fallou,19.4.2002,4emA,"PC[8;13;11:12]#Math[10;10,10;11:10]#Francais[12:13]#Anglais[10:11]#SVT[12;15;10;9:10]#HG[8:10]"
AAD005,8D805GT,Diop,Seyni,29-07.-05,3emA,"Math[10;11:15] #Francais[7;12;8:13] #Anglais[13,5;9:15] #PC[11:9]  #SVT[12;9;16;11:12]  #HG[10:13]"
AAD005,9HBW36T,Ba,Aliou,01-01-2006,5emA,"Math[15;16:15] #Francais[10;11;10:9] #Anglais[14,12;13:15] #PC[15:15]  #SVT[12;10;17;13:12]  #HG[17:14]"
AAD005,W8NNJ6T,Ndoye,Ousmane,9/4/2004,5emB,"Math[20;18:18] #Francais[12;14;14:13] #Anglais[15,16;16:14] #PC[17:18]  #SVT[14;15;15;16:14]  #HG[13:16]"
AAD005,23YLTXT,Baal,Thierno,22-01-2006,3emA,"SVT[15;11;11:12] #HG[6;14:16]  #Math[10;12,19;11:16]  #Francais[18;11:15] #Anglais[8,15:15]  #PC[7;11;09:9]"
AAD005,48DKG8T,Baal,Boubou,26-06-03,4emB,"PC[15;11:9]# Math[12;14,5;11:13]   #Francais[4;11:13]  #Anglais[13,8:15]  #SVT[12;9;16;11:12]  #HG[11:13]"
AAD005,Q7XVP6G,Seck,Bineta,12.2.2005,3emA,"Math[10;14,5:16] #PC[11:9]  #Francais[4;11:13]  #SVT[12;9;16;11:12] #HG[10:13]  #Anglais[13,5:15]"
AAD005,M67KQV7,Correa,Albert,26/12/2003,6emA,"SVT[15;11;11:12] #HG[6;14:16]  #Math[10;12,19;11:16]  #Francais[18;11:15] #Anglais[8,15:15]  #PC[7;11;09:9]"
AAD007,H18AC4W,BA,Mouhamed,14-janv.-05,6emA,"Math[10;11:15] #Francais[7;12;8:13] #Anglais[13,5;9:15] #PC[11:9]  #SVT[12;9;16;11:12]  #HG[10:13]"
AAD007,EPJHQQ5,DIAW,Fallou,12/08/2006,3eme B,"PC[11:9]#   Math[12;14,5;11:13]   #Francais[14;12:13]  #Anglais[12,8:15]  #SVT[10;9;16;13:12]  #HG[10:16]"
AAD007,KM729R9,NDIAYE,Marie,19-2-2007,3eme A,"PC[11:9]#   Math[12;14,5;11:13]   #Francais[4;11:13]  #Anglais[13,8:15]  #SVT[12;9;16;11:12]  #HG[11:13]"
AAD007,Q7U2XFP,DEME,Abdou,16.01.2004,4 eme A,"Math[10;14,5;11;13:16] #PC[11:9]  #Francais[4;11:13]  #SVT[12;9;16;11:12] #HG[10:13]  #Anglais[13,5:15]"
AAD007,0747PMJ,Ndao,Baye Ndiaga,08-08-2008,5em B,"SVT[13;9;11:14] #HG[10:13]  #Math[12;14,5;11:13]  #Francais[8;11:13] #Anglais[13,5:15]  #PC[13;11:9]"
AAD007,18G9C4L,DIEYE,Abdoulaye,01.01.2002,6emB,"PC[11:9]#   Math[12;14,5;11:13]   #Francais[4;11:13]  #Anglais[13,8:15]  #SVT[12;9;16;11:12]  #HG[11:13]"
AAD007,UQI7FN8,Cyrille ,Keys,7/11/2007,4 em A,"Math[9;10,5;11;13:16] #PC[12:19]  #Francais[10;11:13]  #SVT[15;9;16;11:12] #HG[13:13]  #Anglais[13,12:15]"
AAD007,9H37AKZ,LOW,Joakim,20.12.2002,4em A,"PC[11:9]#   Math[12;14,5;11:13]   #Francais[14;12:13]  #Anglais[12,8:15]  #SVT[10;9;16;13:12]  #HG[10:16]"
AAD007,6691DTO,Ndour,Karin,07.07.2003,5 eme B,"SVT[15;11;11:12] #HG[6:16]  #Math[10;14,9;11:17]  #Francais[8;13:13] #Anglais[18,5:15]  #PC[7;11:9]"
AAD007,8YM0304,KIBINDA,Iniess,15-8-2005,6 em A,"Math[10;11:15] #Francais[7;9;8:13] #Anglais[10,5;9:15] #PC[10:11]  #SVT[12;11;16;8:12]  #HG[10:10]"
AAD22,LSNP5Of,Sow,Mari,28/12/2001,6eme A,"Math[10;11:15] #Francais[7;12;8:13] #Anglais[13,5;9:15] #PC[11:9]  #SVT[12;9;16;11:12]  #HG[10:13]"
AAD22,PONAAC0,Tine,Jean,18-05-0204,3eme A,"PC[11:9]#   Math[12;14,5;11:13]   #Francais[14;12:13]  #Anglais[12,8:15]  #SVT[10;9;16;13:12]  #HG[10:16]"
AAD22,27WERUG,Fall,Ouley,16/11/2005,3eme B,"PC[11:19]#   Math[02;10,5;11:13]   #Francais[14;11:13]  #Anglais[03,8:10]  #SVT[12;9;16;11:10]  #HG[11:15]"
AAD22,UHT9KD8,Seye,Malick,07/10/2007,5eme C,"Math[10;14,5;11;03:16] #PC[11:19]  #Francais[4;11:13]  #SVT[12;9;16;11:12] #HG[19:13]  #Anglais[10,5:15]"
AAD22,O6G7XCQ,Tamba,Lamine,09-01-2006,3eme D,"SVT[13;9;11:14] #HG[10:13]  #Math[12;14,5;11:13]  #Francais[8;11:13] #Anglais[13,5:15]  #PC[13;11:9]"
AAD22,HDCB2G7,Ndaw,Ousmane,14/08/2000,4eme B,"PC[11:19]#   Math[12;14,5;11:03]   #Francais[14;11:13]  #Anglais[13,8:05]  #SVT[12;19;16;11:19]  #HG[11:10]"
AAD22,GFD3G8G,Ndour,Fatime,05/03/02,5eme D,"Math[9;10,5;10;13:16] #PC[12:15]  #Francais[10;17:13]  #SVT[15;9;06;11:12] #HG[13:03]  #Anglais[13,12:05]"
AAD22,GC4BDQ7,Sarr,Oumi,17-juin-2003,3eme A,"Math[10;14,5;11;15:17] #PC[11:9]  #Francais[16;11:13]  #SVT[12;9;14;11:12] #HG[15:11]  #Anglais[13,5:15]"
AAD22,BK63HBS,Gueye,Astou,28-02-2012,3eme A,"SVT[15;11;11:12] #HG[6:16]  #Math[10;14,9;11:17]  #Francais[8;13:13] #Anglais[18,5:15]  #PC[7;11:9]"
AAD22,GSQ3H84,Diouf,Wally,30/09/2005,4eme c,"Math[10;11:15] #Francais[7;9;8:13] #Anglais[10,5;9:15] #PC[10:11]  #SVT[12;11;16;8:12]  #HG[10:10]"
ABD009,345ERTH,Abdou,Wade,31/12/2007,3eme A,"SVT[15;11;11:12] #HG[6;14:16]  #Math[10;12,19;11:16]  #Francais[18;11:15] #Anglais[8,15:15]  #PC[7;11;09:9]"
ABD009,SDFTY34,Senir,Mbol,24/02/20015,3eme B,"PC[15;11:9]# Math[12;14,5;11:13]   #Francais[4;11:13]  #Anglais[13,8:15]  #SVT[12;9;16;11:12]  #HG[11:13]"
ABD009,ZRDFD4S,Ndiareme,Sylla,03/09/1905,5eme C,"Math[10;14,5:16] #PC[11:9]  #Francais[4;11:13]  #SVT[12;9;16;11:12] #HG[10:13]  #Anglais[13,5:15]"
ABD009,ERSTYDD,Akapla,Diop,03/05/1778,3eme D,"SVT[15;11;11:12] #HG[6;14:16]  #Math[10;12,19;11:16]  #Francais[18;11:15] #Anglais[8,15:15]  #PC[7;11;09:9]"
ABD009,DFGE67T,Mbor,Tounkho,17/10/2001,4eme B,"PC[15;11:9]# Math[12;14,5;11:13]   #Francais[4;11:13]  #Anglais[13,8:15]  #SVT[12;9;16;11:12]  #HG[11:13]"
ABD009,23453RD,yéré,Niani,5/11/2012,5eme D,"Math[10;14,5:16] #PC[11:9]  #Francais[4;11:13]  #SVT[12;9;16;11:12] #HG[10:13]  #Anglais[13,5:15]"
ABD009,ERTDH6G,Gadiaga,Xouli,30/07/2018,3eme A,"SVT[15;11;11:12] #HG[6;14:16]  #Math[10;12,19;11:16]  #Francais[18;11:15] #Anglais[8,15:15]  #PC[7;11;09:9]"
ABD009,TTEDJE56,Missari,Koumpa,31/09/2014,3eme A,"PC[15;11:9]# Math[12;14,5;11:13]   #Francais[4;11:13]  #Anglais[13,8:15]  #SVT[12;9;16;11:12]  #HG[11:13]"
ABD009,56GFSE6,Awa,Samaké,30/09/2005,3eme A,"Math[10;4:15] #Francais[10;9;18:10] #Anglais[10,9;9:15] #PC[10:11]  #SVT[10;20;16;10:9]  #HG[9:10]"
ABD009,RTGHSDG,Ndol,Gueye,30/09/2006,3eme B,"Math[10;4:15] #Francais[11;19;17:10] #Anglais[8,9;5:14] #PC[17:11]  #SVT[15;10;6;8:5]  #HG[9:16]"
ABN018,QBN34UI,Moose,Rodriguez,01-22-1999,5eme B,"SVT[15;11;11:12] #HG[6;14:16]  #Math[10;12,19;11:16]  #Francais[18;11:15] #Anglais[8,15:15]  #PC[7;11;09:9]"
ABN018,LSNP1OC,Moosky,Faye,23/4/1988,4 eme C,"PC[15;11:9]# Math[12;14,5;11:13]   #Francais[4;11:13]  #Anglais[13,8:15]  #SVT[12;9;16;11:12]  #HG[11:13]"
ABN018,PONAAM0,Mayoro,Diop,14 05 2002,6emeB,"Math[10;14,5:16] #PC[11:9]  #Francais[4;11:13]  #SVT[12;9;16;11:12] #HG[10:13]  #Anglais[13,5:15]"
ABN018,83WERRE,Wesh,Morey,25_11_2004,3eme D,"SVT[15;11;11:12] #HG[6;14:16]  #Math[10;12,19;11:16]  #Francais[18;11:15] #Anglais[8,15:15]  #PC[7;11;09:9]"
ABN018,TER0R0R,Billie,Jeane,17/08/1998,1ereS1,"PC[15;11:9]# Math[12;14,5;11:13]   #Francais[4;11:13]  #Anglais[13,8:15]  #SVT[12;9;16;11:12]  #HG[11:13]"
ABN018,WHYIAMI,Ragnard,Lordbrock,01.12.1979,1 ere S1,"Math[10;14,5:16] #PC[11:9]  #Francais[4;11:13]  #SVT[12;9;16;11:12] #HG[10:13]  #Anglais[13,5:15]"
ABN018,WOO3OOO,Perus,Morgan,06/06/1970,Tle S1,"SVT[15;11;11:12] #HG[6;14:16]  #Math[10;12,19;11:16]  #Francais[18;11:15] #Anglais[8,15:15]  #PC[7;11;09:9]"
ABN018,558YRYT,Shawn,Thiam,28.02.1997,Tle S2,"PC[15;11:9]# Math[12;14,5;11:13]   #Francais[4;11:13]  #Anglais[13,8:15]  #SVT[12;9;16;11:12]  #HG[11:13]"
ABN018,444111T,Mbeuthie Fall,Laye,01-09-2015,Tlel'1,"Math[10;14,5:16] #PC[11:9]  #Francais[4;11:13]  #SVT[12;9;16;11:12] #HG[10:13]  #Anglais[13,5:15]"
ABN018,WORK246,Famara,Bodian,12.12.1995,5eme F,"SVT[15;11;11:12] #HG[6;14:16]  #Math[10;12,19;11:16]  #Francais[18;11:15] #Anglais[8,15:15]  #PC[7;11;09:9]"
AFD006,202208R3M,DIAW,Fallou,o5-06-1999,3èmeC,"PC[15;11:9]# Math[12;14,5;11:13]   #Francais[4;11:13]  #Anglais[13,8:15]  #SVT[12;9;16;11:12]  #HG[11:13]"
AFD006,202203HEC,Gallas,SYLLA,02-03-2000,6èmeA,"Math[10;14,5:16] #PC[11:9]  #Francais[4;11:13]  #SVT[12;9;16;11:12] #HG[10:13]  #Anglais[13,5:15]"
AFD006,201609EJKL,Modou,SECK,03-01-1999,5èmeB,"SVT[15;11;11:12] #HG[6;14:16]  #Math[10;12,19;11:16]  #Francais[18;11:15] #Anglais[8,15:15]  #PC[7;11;09:9]"
AFD006,201709ERT,Elisabeth ,MANTANE,03-04-1996,4èmeA,"PC[15;11:9]# Math[12;14,5;11:13]   #Francais[4;11:13]  #Anglais[13,8:15]  #SVT[12;9;16;11:12]  #HG[11:13]"
AFD006,201902GHS,Chris,BOISSY,04-09-2001,5èmeD,"Math[10;14,5:16] #PC[11:9]  #Francais[4;11:13]  #SVT[12;9;16;11:12] #HG[10:13]  #Anglais[13,5:15]"
AFD006,2017804XYZ,Khabane,FALL,27-12-1998,6èmeC,"SVT[15;11;11:12] #HG[6;14:16]  #Math[10;12,19;11:16]  #Francais[18;11:15] #Anglais[8,15:15]  #PC[7;11;09:9]"
AFD006,201709ERT,Elisabeth ,awa,02-03-2000,4èmeA,"PC[15;11:9]# Math[12;14,5;11:13]   #Francais[4;11:13]  #Anglais[13,8:15]  #SVT[12;9;16;11:12]  #HG[11:13]"
AFD006,201902GHS,Chris,Sidy,03-01-1999,5èmeD,"Math[10;14,5:16] #PC[11:9]  #Francais[4;11:13]  #SVT[12;9;16;11:12] #HG[10:13]  #Anglais[13,5:15]"
AFD006,2017804XYZ,Khabane,Fallou,03-04-1996,6èmeC,"SVT[15;11;11:12] #HG[6;14:16]  #Math[10;12,19;11:16]  #Francais[18;11:15] #Anglais[8,15:15]  #PC[7;11;09:9]"
AFD006,201709ERT,Elisabeth ,awa,02-03-2000,4èmeA,"PC[15;11:9]# Math[12;14,5;11:13]   #Francais[4;11:13]  #Anglais[13,8:15]  #SVT[12;9;16;11:12]  #HG[11:13]"
AID011,201305PG8,DIAW,FARA,09-06-1995,6eme A,"Math[10;14,5:16] #PC[11:9]  #Francais[4;11:13]  #SVT[12;9;16;11:12] #HG[10:13]  #Anglais[13,5:15]"
AID011,201307PG8,NDIOUR,LEMOU,12-07-1996,3eme A,"PC[11:9]# Math[12;14,5;11:13] #Francais[14;12:13] #Anglais[12,8:15] #SVT[10;9;16;13:12] #HG[10:16]"
AID011,201301PFT,FAYE,BIRAM,23-03-1999,3eme B,"PC[11:9]# Math[12;14,5;11:13] #Francais[14;12:13] #Anglais[12,8:15] #SVT[10;9;16;13:12] #HG[10:16]"
AID011,201308PG7,DIOUF,ALY,22-05-1998,5eme C,"PC[11:9]# Math[12;14,5;11:13] #Francais[4;11:13] #Anglais[13,8:15] #SVT[12;9;16;11:12] #HG[11:13]"
AID011,201306PH3,DIOP,DABA,24-07-1999,3eme D,"Math[10;11:15] #Francais[7;12;8:13] #Anglais[13,5;9:15] #PC[11:9] #SVT[12;9;16;11:12] #HG[10:13]"
AID011,201302PL6,DIENE,DALY,12-10-1997,4eme B,"PC[11:9]# Math[12;14,5;11:13] #Francais[4;11:13] #Anglais[13,8:15] #SVT[12;9;16;11:12] #HG[11:13]"
AID011,201305PY9,FALL,ABOU,23/12/94,5 em A,"PC[17;20;18:15]#Math[15;16,15;13:17]#Francais[11:13]#Anglais[14:13]#SVT[13;11;15;11:12]#HG[15:13]"
AID011,201306PT4,FAYE,SIDI,12-11-1993,3eme A,"PC[11:9]# Math[12;14,5;11:13] #Francais[4;11:13] #Anglais[13,8:15] #SVT[12;9;16;11:12] #HG[11:13]"
AID011,201301PB7,SENE,DOMINIQUE,24-01-1998,3eme A,"Math[10;14,5;11;15:17] #PC[11:9] #Francais[16;11:13] #SVT[12;9;14;11:12] #HG[15:11] #Anglais[13,5:15]"
AID011,201309OD3,NDIAYE,SALIF,26-06-1996,4eme c,"Math[10;11:15] #Francais[7;9;8:13] #Anglais[10,5;9:15] #PC[10:11] #SVT[12;11;16;8:12] #HG[10:10]"
AKH014,201306PH3,FAYE,FARA,06/06/1970,5emeA,"SVT[15;11;11:12] #HG[6;14:16]  #Math[10;12,19;11:16]  #Francais[18;11:15] #Anglais[8,15:15]  #PC[7;11;09:9]"
AKH014,201302PL6,DIOUF,LEMOU,28.02.1997,4emeA,"PC[15;11:9]# Math[12;14,5;11:13]   #Francais[4;11:13]  #Anglais[13,8:15]  #SVT[12;9;16;11:12]  #HG[11:13]"
AKH014,201305PY9,DIOP,BIRAM,01-09-2015,3emeA,"Math[10;14,5:16] #PC[11:9]  #Francais[4;11:13]  #SVT[12;9;16;11:12] #HG[10:13]  #Anglais[13,5:15]"
AKH014,201306PT4,DIENE,ALY,12.12.1995,4emeA,"SVT[15;11;11:12] #HG[6;14:16]  #Math[10;12,19;11:16]  #Francais[18;11:15] #Anglais[8,15:15]  #PC[7;11;09:9]"
AKH014,201301PB7,FAYE,DABA,o5-06-1999,4emeB,"PC[15;11:9]# Math[12;14,5;11:13]   #Francais[4;11:13]  #Anglais[13,8:15]  #SVT[12;9;16;11:12]  #HG[11:13]"
AKH014,201309OD3,DIOUF,DALY,02-03-2000,5emeA,"Math[10;14,5:16] #PC[11:9]  #Francais[4;11:13]  #SVT[12;9;16;11:12] #HG[10:13]  #Anglais[13,5:15]"
AKH014,201306PH3,DIOP,ABOU,03-01-1999,4emeA,"SVT[15;11;11:12] #HG[6;14:16]  #Math[10;12,19;11:16]  #Francais[18;11:15] #Anglais[8,15:15]  #PC[7;11;09:9]"
AKH014,201302PL6,DIENE,SIDI,03-04-1996,3emeA,"PC[15;11:9]# Math[12;14,5;11:13]   #Francais[4;11:13]  #Anglais[13,8:15]  #SVT[12;9;16;11:12]  #HG[11:13]"
AKH014,201305PY9,FAYE,DOMINIQUE,04-09-2001,4emeA,"Math[10;14,5:16] #PC[11:9]  #Francais[4;11:13]  #SVT[12;9;16;11:12] #HG[10:13]  #Anglais[13,5:15]"
AKH014,201306PT4,DIOUF,SALIF,27-12-1998,4emeB,"SVT[15;11;11:12] #HG[6;14:16]  #Math[10;12,19;11:16]  #Francais[18;11:15] #Anglais[8,15:15]  #PC[7;11;09:9]"
ALT020,CIDIE01,CISSE,Diégane,2/5/1932,5emeA,"PC[15;11:9]# Math[12;14,5;11:13]   #Francais[4;11:13]  #Anglais[13,8:15]  #SVT[12;9;16;11:12]  #HG[11:13]"
ALT020,MN45LD5,SENGHOR,Mbegane,12.05.1968,4emeA,"Math[10;14,5:16] #PC[11:9]  #Francais[4;11:13]  #SVT[12;9;16;11:12] #HG[10:13]  #Anglais[13,5:15]"
ALT020,KF578FG,MARA,Souma,"17,11,1921",3emeA,"SVT[15;11;11:12] #HG[6;14:16]  #Math[10;12,19;11:16]  #Francais[18;11:15] #Anglais[8,15:15]  #PC[7;11;09:9]"
ALT020,JROÙ457,CONDOUL,Sangoul,"17,11,1921",4emeA,"PC[15;11:9]# Math[12;14,5;11:13]   #Francais[4;11:13]  #Anglais[13,8:15]  #SVT[12;9;16;11:12]  #HG[11:13]"
ALT020,VF14HGZ,TAMBEDOU,NiouKH,18/12/1999,4emeB,"Math[10;14,5:16] #PC[11:9]  #Francais[4;11:13]  #SVT[12;9;16;11:12] #HG[10:13]  #Anglais[13,5:15]"
ALT020,RTOP15K,SARR,Mbissine,01-12-1996,5emeB,"SVT[15;11;11:12] #HG[6;14:16]  #Math[10;12,19;11:16]  #Francais[18;11:15] #Anglais[8,15:15]  #PC[7;11;09:9]"
ALT020,FYHE142,DIOUF,MBathiou,14-25-13,6emeB,"PC[15;11:9]# Math[12;14,5;11:13]   #Francais[4;11:13]  #Anglais[13,8:15]  #SVT[12;9;16;11:12]  #HG[11:13]"
ALT020,HGKE145,DEME,Ndew,15-2-1856,6emeB,"Math[10;14,5:16] #PC[11:9]  #Francais[4;11:13]  #SVT[12;9;16;11:12] #HG[10:13]  #Anglais[13,5:15]"
ALT020,54BFH54,KOITA,Fatou,15/11/1978,4emeB,"SVT[15;11;11:12] #HG[6;14:16]  #Math[10;12,19;11:16]  #Francais[18;11:15] #Anglais[8,15:15]  #PC[7;11;09:9]"
ALT020,DF85FUJ,LABOU,Pon,17/06/2002,5emeA,"PC[15;11:9]# Math[12;14,5;11:13]   #Francais[4;11:13]  #Anglais[13,8:15]  #SVT[12;9;16;11:12]  #HG[11:13]"
AMB001,101465876kj,Gueye,Moussa,01-01-2000, 6eme A,"Math[10;14,5:16] #PC[11:9]  #Francais[4;11:13]  #SVT[12;9;16;11:12] #HG[10:13]  #Anglais[13,5:15]"
AMB001,16382702l,DIOUF,BALLA,02-01-2000,6eme A,"SVT[15;11;11:12] #HG[6;14:16]  #Math[10;12,19;11:16]  #Francais[18;11:15] #Anglais[8,15:15]  #PC[7;11;09:9]"
AMB001,12889HI,CAMARA,KAMOU,03-01-2000,6eme A,"PC[15;11:9]# Math[12;14,5;11:13]   #Francais[4;11:13]  #Anglais[13,8:15]  #SVT[12;9;16;11:12]  #HG[11:13]"
AMB001,1732919jj,DIOP,MODOU,04-01-2000,6eme A,"Math[10;14,5:16] #PC[11:9]  #Francais[4;11:13]  #SVT[12;9;16;11:12] #HG[10:13]  #Anglais[13,5:15]"
AMB001,127923ghj,FALL,SOBLE,05-01-2000,6eme A,"SVT[15;11;11:12] #HG[6;14:16]  #Math[10;12,19;11:16]  #Francais[18;11:15] #Anglais[8,15:15]  #PC[7;11;09:9]"
AMB001,1908GD,GAYE,PATHÉ,06-01-2000,6eme A,"PC[15;11:9]# Math[12;14,5;11:13]   #Francais[4;11:13]  #Anglais[13,8:15]  #SVT[12;9;16;11:12]  #HG[11:13]"
AMB001,1382839hjklk,HANN,JIM,07-01-2000,6eme A,"Math[10;14,5:16] #PC[11:9]  #Francais[4;11:13]  #SVT[12;9;16;11:12] #HG[10:13]  #Anglais[13,5:15]"
AMB001,19937HH,JANN,KABOU,08-01-2000,6eme A,"SVT[15;11;11:12] #HG[6;14:16]  #Math[10;12,19;11:16]  #Francais[18;11:15] #Anglais[8,15:15]  #PC[7;11;09:9]"
AMB001,17282hh,KA,LAMINE,09-01-2000,6eme A,"PC[15;11:9]# Math[12;14,5;11:13]   #Francais[4;11:13]  #Anglais[13,8:15]  #SVT[12;9;16;11:12]  #HG[11:13]"
AMB001,17329pp,LOUM,MOUSSA,10-01-2000,6eme A,"Math[10;14,5:16] #PC[11:9]  #Francais[4;11:13]  #SVT[12;9;16;11:12] #HG[10:13]  #Anglais[13,5:15]"
AMC002,AAAA0000,BA,MODOU,12-12-2005,3 em A,"SVT[15;11;11:12] #HG[6;14:16]  #Math[10;12,19;11:16]  #Francais[18;11:15] #Anglais[8,15:15]  #PC[7;11;09:9]"
AMC002,AAAA0001,BODIAN,FATOU,11-4-2006,3 em B,"PC[15;11:9]# Math[12;14,5;11:13]   #Francais[4;11:13]  #Anglais[13,8:15]  #SVT[12;9;16;11:12]  #HG[11:13]"
AMC002,AAAA0002,CAMARA,PAPE,4-2-2009,4 em B,"Math[10;14,5:16] #PC[11:9]  #Francais[4;11:13]  #SVT[12;9;16;11:12] #HG[10:13]  #Anglais[13,5:15]"
AMC002,AAAA0003,CISSE,PHILO,25-3-2010,5 em B,"SVT[15;11;11:12] #HG[6;14:16]  #Math[10;12,19;11:16]  #Francais[18;11:15] #Anglais[8,15:15]  #PC[7;11;09:9]"
AMC002,AAAA0004,DIOP,KHADIM,4-2-2011,6 em B,"PC[15;11:9]# Math[12;14,5;11:13]   #Francais[4;11:13]  #Anglais[13,8:15]  #SVT[12;9;16;11:12]  #HG[11:13]"
AMC002,AAAA0005,FALL,KATY,5-11-2010,6 em A,"Math[10;14,5:16] #PC[11:9]  #Francais[4;11:13]  #SVT[12;9;16;11:12] #HG[10:13]  #Anglais[13,5:15]"
AMC002,AAAA0006,NDIAYE,SOKHNA,6-8-2007,4 em B,"SVT[15;11;11:12] #HG[6;14:16]  #Math[10;12,19;11:16]  #Francais[18;11:15] #Anglais[8,15:15]  #PC[7;11;09:9]"
AMC002,AAAA0007,MBAYE,CHEIKH,7-6-2007,4 em A,"PC[15;11:9]# Math[12;14,5;11:13]   #Francais[4;11:13]  #Anglais[13,8:15]  #SVT[12;9;16;11:12]  #HG[11:13]"
AMC002,AAAA0008,POUYE,PALLA,8-8-2007,5 em B,"Math[10;14,5:16] #PC[11:9]  #Francais[4;11:13]  #SVT[12;9;16;11:12] #HG[10:13]  #Anglais[13,5:15]"
AMC002,AAAA0009,OUATARA,THIERNO,9-9-2007,5 em A,"SVT[15;11;11:12] #HG[6;14:16]  #Math[10;12,19;11:16]  #Francais[18;11:15] #Anglais[8,15:15]  #PC[7;11;09:9]"
AMD013,E7812Z3,DIOP,ALY,12/04/1998,5emA,"PC[15;11:9]# Math[12;14,5;11:13]   #Francais[4;11:13]  #Anglais[13,8:15]  #SVT[12;9;16;11:12]  #HG[11:13]"
AMD013,Z781263,FAYE,FATOU,12-04-1997,6emB,"Math[10;14,5:16] #PC[11:9]  #Francais[4;11:13]  #SVT[12;9;16;11:12] #HG[10:13]  #Anglais[13,5:15]"
AMD013,Z7812Z3,DIOUF,MALICK,05:42:18,4emB,"SVT[15;11;11:12] #HG[6;14:16]  #Math[10;12,19;11:16]  #Francais[18;11:15] #Anglais[8,15:15]  #PC[7;11;09:9]"
AMD013,Z7812Z5,DIOUM,ALIOUNE,"12,12,2011",3emB,"PC[11:9]# Math[12;14,5;11:13] #Francais[4;11:13] #Anglais[13,8:15] #SVT[12;9;16;11:12] #HG[11:13]"
AMD013,Z7812Z9,NDIAYE,MOUSSA,12 03 1999,3emA,"Math[10;11:15] #Francais[7;9;8:13] #Anglais[10,5;9:15] #PC[10:11] #SVT[12;11;16;8:12] #HG[10:10]"
AMD013,Z7852Z3,FALL,MOUSTAPHA,09/09/2012,6emB,"Math[10;11:15] #Francais[7;9;8:13] #Anglais[10,5;9:15] #PC[10:11] #SVT[12;11;16;8:12] #HG[10:10]"
AMD013,Z7812Z7,MBAYE,IDRISSA,15 05 2011,4emA,"SVT[15;11;11:12] #HG[6;14:16]  #Math[10;12,19;11:16]  #Francais[18;11:15] #Anglais[8,15:15]  #PC[7;11;09:9]"
AMD013,Z7312Z3,TINE,SEYDOU,03/09/2000,5emA,"Math[10;11:15] #Francais[7;12;8:13] #Anglais[13,5;9:15] #PC[11:9]  #SVT[12;9;16;11:12]  #HG[10:13]"
AMD013,Z7832Z3,SANE,MOUSSA,29/12/2001,5emA,"SVT[15;11;11:12] #HG[6;14:16]  #Math[10;12,19;11:16]  #Francais[18;11:15] #Anglais[8,15:15]  #PC[7;11;09:9]"
AMD013,Z8812Z3,TOURE,OUMAR,29/11/2001,5emB,"PC[15;11:9]# Math[12;14,5;11:13]   #Francais[4;11:13]  #Anglais[13,8:15]  #SVT[12;9;16;11:12]  #HG[11:13]"
AMG015,SONA001,FAYE,FATOU,12-04-1993,6eme A,"Math[10;14,5:16] #PC[11:9]  #Francais[4;11:13]  #SVT[12;9;16;11:12] #HG[10:13]  #Anglais[13,5:15]"
AMG015,SONA002,GAYE,THIERNO,14-02-1992,6eme B,"SVT[15;11;11:12] #HG[6;14:16]  #Math[10;12,19;11:16]  #Francais[18;11:15] #Anglais[8,15:15]  #PC[7;11;09:9]"
AMG015,SONA003,DIOP,YOUSSOU,12-06-1994,5eme A,"PC[15;11:9]# Math[12;14,5;11:13]   #Francais[4;11:13]  #Anglais[13,8:15]  #SVT[12;9;16;11:12]  #HG[11:13]"
AMG015,SONA004,WAGNE,PETIT,12-07-1995,5eme B,"Math[10;14,5:16] #PC[11:9]  #Francais[4;11:13]  #SVT[12;9;16;11:12] #HG[10:13]  #Anglais[13,5:15]"
AMG015,SONA005,CISSE,GALAYE,04-03-1995,4eme A,"SVT[15;11;11:12] #HG[6;14:16]  #Math[10;12,19;11:16]  #Francais[18;11:15] #Anglais[8,15:15]  #PC[7;11;09:9]"
AMG015,SONA006,GOMIS,PATA,01-06-1997,4eme B,"PC[15;11:9]# Math[12;14,5;11:13]   #Francais[4;11:13]  #Anglais[13,8:15]  #SVT[12;9;16;11:12]  #HG[11:13]"
AMG015,SONA007,SANE ,BALLA,09-09-1999,3eme  A,"Math[10;14,5:16] #PC[11:9]  #Francais[4;11:13]  #SVT[12;9;16;11:12] #HG[10:13]  #Anglais[13,5:15]"
AMG015,SONA008,SAGNA,SADIO,06-06-1099,3 eme B,"SVT[15;11;11:12] #HG[6;14:16]  #Math[10;12,19;11:16]  #Francais[18;11:15] #Anglais[8,15:15]  #PC[7;11;09:9]"
AMG015,SONA009,NIANG,MAREME,12-12-1996,6eme A,"PC[15;11:9]# Math[12;14,5;11:13]   #Francais[4;11:13]  #Anglais[13,8:15]  #SVT[12;9;16;11:12]  #HG[11:13]"
AMG015,SONA010,FALL,KHADY,07-06-199Ç,6eme B,"Math[10;14,5:16] #PC[11:9]  #Francais[4;11:13]  #SVT[12;9;16;11:12] #HG[10:13]  #Anglais[13,5:15]"
AMK016,A7723ML,Kane,Moussa,29/12/2001,6emA,"SVT[15;11;11:12] #HG[6;14:16]  #Math[10;12,19;11:16]  #Francais[18;11:15] #Anglais[8,15:15]  #PC[7;11;09:9]"
AMK016,Z7812Z3,Konimba,Mousona,12 12 2009,3emB,"PC[15;11:9]# Math[12;14,5;11:13]   #Francais[4;11:13]  #Anglais[13,8:15]  #SVT[12;9;16;11:12]  #HG[11:13]"
AMK016,M770231,Ilimani,Mustapha,12-04-1997,3emB,"Math[10;14,5:16] #PC[11:9]  #Francais[4;11:13]  #SVT[12;9;16;11:12] #HG[10:13]  #Anglais[13,5:15]"
AMK016,K771427,Sy,Malick,05:42:18,6emB,"SVT[15;11;11:12] #HG[6;14:16]  #Math[10;12,19;11:16]  #Francais[18;11:15] #Anglais[8,15:15]  #PC[7;11;09:9]"
AMK016,JH23GH3,Loum,Mamadou,"12,12,2011",3emA,"PC[15;11:9]# Math[12;14,5;11:13]   #Francais[4;11:13]  #Anglais[13,8:15]  #SVT[12;9;16;11:12]  #HG[11:13]"
AMK016,SX34AZ2,Gaye,Souleyni,12 03 1999,6emB,"Math[10;14,5:16] #PC[11:9]  #Francais[4;11:13]  #SVT[12;9;16;11:12] #HG[10:13]  #Anglais[13,5:15]"
AMK016,E9D45JJ,Hann,Cheikh,09/09/2012,3emA,"SVT[15;11;11:12] #HG[6;14:16]  #Math[10;12,19;11:16]  #Francais[18;11:15] #Anglais[8,15:15]  #PC[7;11;09:9]"
AMK016,HIE938J,Kane,Aliou,15 05 2011,6emB,"PC[15;11:9]# Math[12;14,5;11:13]   #Francais[4;11:13]  #Anglais[13,8:15]  #SVT[12;9;16;11:12]  #HG[11:13]"
AMK016,23JHNB2,Ngimbona,Charles,03/09/2000,3emB,"Math[10;14,5:16] #PC[11:9]  #Francais[4;11:13]  #SVT[12;9;16;11:12] #HG[10:13]  #Anglais[13,5:15]"
AMK016,HJ293D4,Ikouna,Mbalanga,01 01 2001,3emA,"SVT[15;11;11:12] #HG[6;14:16]  #Math[10;12,19;11:16]  #Francais[18;11:15] #Anglais[8,15:15]  #PC[7;11;09:9]"
AOD010,DKZGS12,diop,Ousmane,1 02 2004,        5emB,"#Math[14;10:12] #PC[9:12]  #Francais[14;14:15]  #SVT[16;11:17] #HG[16:14]  #Anglais[13,10:11]"
AOD010,DLEDQDO,ndiaye,abdou,21/03/2005,       4 emA,"SVT[15;11;11:12] #HG[6;14:16]  #Math[10;12,19;11:16]  #Francais[18;11:15] #Anglais[8,15:15]  #PC[7;11;09:9]"
AOD010,XSDEF12,gueye,fatou,3-4-2005,        4emB,"PC[15;11:9]# Math[12;14,5;11:13]   #Francais[4;11:13]  #Anglais[13,8:15]  #SVT[12;9;16;11:12]  #HG[11:13]"
AOD010,DEGLAC4,fall,saly,06-12-2007,      6 em B,"Math[10;14,5:16] #PC[11:9]  #Francais[4;11:13]  #SVT[12;9;16;11:12] #HG[10:13]  #Anglais[13,5:15]"
AOD010,DZFXML5,Lo,amy,08-03-2003,      3 em A,"SVT[15;11;11:12] #HG[6;14:16]  #Math[10;12,19;11:16]  #Francais[18;11:15] #Anglais[8,15:15]  #PC[7;11;09:9]"
AOD010,DZLSWQ7,sambe,salif,18.3.2004,       3emA,"PC[15;11:9]# Math[12;14,5;11:13]   #Francais[4;11:13]  #Anglais[13,8:15]  #SVT[12;9;16;11:12]  #HG[11:13]"
AOD010,LFNJESM,sambou,jean,19.05.2006,       5em B,"#SVT[13:15] #PC[19:20]  #Anglais[5;9:9]  #Math[18;16:17] #HG[10:11]  #Francais[13,12:10]"
AOD010,JHDHRE8,sene,jeannette,20.12.2007,       6em B,"PC[17;20;18:15]#Math[15;16,15;13:17]#Francais[11:13]#Anglais[14:13]#SVT[13;11;15;11:12]#HG[15:13]"
AOD010,JGRHFNE,sy,pathe,31 1 2006,       5 emA,"#SVT[12:11] #PC[12:11]  #Anglais[15;14:12]  #Math[13:13] #HG[12:14]  #Francais[14,11:14]"
AOD010,LSXNEB0,gueye,modou,3 janv. 2002,       3em B,"#SVT[13:15] #PC[19:20] #Anglais[5;9:9] #Math[18;16:17] #HG[10:11] #Francais[13,12:10]"
ASK017,OKYLDC8,KANE,Ousmane,07/12/2007,4em A,"SVT[15;11;11:12] #HG[6;14:16]  #Math[10;12,19;11:16]  #Francais[18;11:15] #Anglais[8,15:15]  #PC[7;11;09:9]"
ASK017,DKBLMT7,KONATE,Djiby,09/06/2010,6em B,"PC[15;11:9]# Math[12;14,5;11:13]   #Francais[4;11:13]  #Anglais[13,8:15]  #SVT[12;9;16;11:12]  #HG[11:13]"
ASK017,CMGBDK9,MENDY,Christelle,11/10/2006,3em B,"Math[10;14,5:16] #PC[11:9]  #Francais[4;11:13]  #SVT[12;9;16;11:12] #HG[10:13]  #Anglais[13,5:15]"
ASK017,YOSADK1,OUEDRAOGO,Yankoba,15/02/2009,5em A,"SVT[15;11;11:12] #HG[6;14:16]  #Math[10;12,19;11:16]  #Francais[18;11:15] #Anglais[8,15:15]  #PC[7;11;09:9]"
ASK017,SFSADK2,FALL,Salimata,02/08/2010,6em A,"PC[15;11:9]# Math[12;14,5;11:13]   #Francais[4;11:13]  #Anglais[13,8:15]  #SVT[12;9;16;11:12]  #HG[11:13]"
ASK017,MDMTDK9,DIOP,Mamy,25/09/2005,3em A,"Math[10;14,5:16] #PC[11:9]  #Francais[4;11:13]  #SVT[12;9;16;11:12] #HG[10:13]  #Anglais[13,5:15]"
ASK017,MTBFCA2,TAPSOBA,Mounkoudy,08/12/2008,4em B,"SVT[15;11;11:12] #HG[6;14:16]  #Math[10;12,19;11:16]  #Francais[18;11:15] #Anglais[8,15:15]  #PC[7;11;09:9]"
ASK017,DDPADK7,DIA,Dieynaba,01/05/2008,4em B,"PC[15;11:9]# Math[12;14,5;11:13]   #Francais[4;11:13]  #Anglais[13,8:15]  #SVT[12;9;16;11:12]  #HG[11:13]"
ASK017,ADBMML5,DIOGOSOUMA,Aliou,03/10/2009,5em B,"Math[10;14,5:16] #PC[11:9]  #Francais[4;11:13]  #SVT[12;9;16;11:12] #HG[10:13]  #Anglais[13,5:15]"
ASK017,ABHLMY1,BAOBEY,Angelline,18/03/2006,3em A,"SVT[15;11;11:12] #HG[6;14:16]  #Math[10;12,19;11:16]  #Francais[18;11:15] #Anglais[8,15:15]  #PC[7;11;09:9]"
BAD008,AF32IBC,FALL,OUSSEYOU,03/07/2000,3em B,"PC[15;11:9]# Math[12;14,5;11:13]   #Francais[4;11:13]  #Anglais[13,8:15]  #SVT[12;9;16;11:12]  #HG[11:13]"
BAD008,M60GRTL,TINE,SOKHNA,25/02/2005,4em A,"Math[10;14,5:16] #PC[11:9]  #Francais[4;11:13]  #SVT[12;9;16;11:12] #HG[10:13]  #Anglais[13,5:15]"
BAD008,QNXKW09,SINE,MARIEME,29/8/2008,5em B,"SVT[15;11;11:12] #HG[6;14:16]  #Math[10;12,19;11:16]  #Francais[18;11:15] #Anglais[8,15:15]  #PC[7;11;09:9]"
BAD008,G2NXW1L,DIOUF,MOUSTAPHA,05/07/2001,4 em B,"PC[15;11:9]# Math[12;14,5;11:13]   #Francais[4;11:13]  #Anglais[13,8:15]  #SVT[12;9;16;11:12]  #HG[11:13]"
BAD008,UPNCG78,KA,ALIOU,10/05/2009,3em B,"Math[9;10,5;10;13:12] #PC[12:19]  #Francais[10;11:13]  #SVT[15;9;16;11:12] #HG[13:13]  #Anglais[11,12:15]"
BAD008,WYI96BT,BA,MOUSSA,05/11/2010,6em A,"Math[10;12:15] #Francais[17;9;8:14] #Anglais[10,7,9:15] #PC[10:11]  #SVT[12;11;16;8:12]  #HG[10:10]"
BAD008,WYI96BT,DIALLO,SEYNABOU,16/02/2003,5em B,"SVT[15;11;11:12] #HG[6;14:16]  #Math[10;12,19;11:16]  #Francais[18;11:15] #Anglais[8,15:15]  #PC[7;11;09:9]"
BAD008,FRTX54U,NDIAYE,FATOU,22/07/2005,4em A,"PC[15;11:9]# Math[12;14,5;11:13]   #Francais[4;11:13]  #Anglais[13,8:15]  #SVT[12;9;16;11:12]  #HG[11:13]"
BAD008,LJQC67L,WADE,ASTOU,12/12/2007,3em B,"Math[10;14,5:16] #PC[11:9]  #Francais[4;11:13]  #SVT[12;9;16;11:12] #HG[10:13]  #Anglais[13,5:15]"
BAD008,KFPB32H,SY,ADJA,02/08/2002,6em A,"Math[10;11:15] #Francais[7;9;8:13] #Anglais[10,5;9:15] #PC[10:11] #SVT[12;11;16;8:12] #HG[10:10]"
BAF013,GH43RTU,Ndao,Aram,16-févr.-00,3em A,"Math[10;11:15] #Francais[7;12;8:13] #Anglais[13,5;9:15] #PC[11:9]  #SVT[12;9;16;11:12]  #HG[10:13]"
BAF013,PLM56DS,Gomis,Pipo,16-3-1998,4em B,"Math[8;7:10] #Francais[15;12;9:14] #Anglais[13,15;19:15] #PC[11:9]  #SVT[2;9;16;11:12]  #HG[10:18]"
BAF013,GF34KHS,Diouf,Ousseynou,3-12-1992,5em A,"Math[18;17:10] #Francais[5;13;9:14] #Anglais[12,5;10:14] #PC[17:9]  #SVT[12;19;15;11:12]  #HG[16:18]"
BAF013,JHGF7F5,Diop,Elimane,12-1-2003,6em A,"Math[9;17:10] #Francais[12;13;8:18] #Anglais[3,5;10:15] #PC[17:19]  #SVT[12;19;16;13:12]  #HG[14:18]"
BAF013,RED76BH,Cissé,Babacar,3-6-2005,3em B,"Math[8;7:10] #Francais[15;12;9:14] #Anglais[13,15;19:15] #PC[11:9]  #SVT[2;9;16;11:12]  #HG[10:18]"
BAF013,GF69LBC,Ba,Abdoulaye,9-2-1992,3em A,"Math[18;17:15] #Francais[10;1;9:12] #Anglais[10,11;18:15] #PC[11:9]  #SVT[12;9;13;11:12]  #HG[12:19]"
BAF013,ML09RDS,Diallo,Alioune,8-7-1993,4em B,"Math[9;7:11] #Francais[11;13;19:4] #Anglais[12,11;10:15] #PC[10:12]  #SVT[13;7;15;16:2]  #HG[11:16]"
BAF013,NBV76RD,Gueye,Abdalah,1-1-1992,4em A,"Math[12;17:0] #Francais[12;17;12:15] #Anglais[13,15;19:15] #PC[11:19]  #SVT[12;8;12;11:12]  #HG[10:18]"
BAF013,NB675DH,Dia,Hawa,7-7-1997,5em B,"Math[15;12:10] #Francais[13;16;19:19] #Anglais[12,13;18:15] #PC[12:19]  #SVT[2;9;17;11:2]  #HG[1:15]"
BAF013,MLHF65D,Guissé,Penda,4-4-1994,3em A,"Math[8;7:10] #Francais[15;12;9:14] #Anglais[13,15;19:15] #PC[11:9]  #SVT[2;9;16;11:12]  #HG[10:18]"
BMP019,IHFK34G,DIOUM,Harry,14-janv.-95,5e A,"SVT[12;19;01:04] #HG[15:11]  #Math[12;14,5;11:13]  #Francais[18;11:10] #Anglais[17,5:15]  #PC[3;15:9]"
BMP019,3FR5IJ9,DIALLO,Hermione,12/08/2006,4em B,"SVT[15;11;11:12] #HG[6;14:16]  #Math[10;12,19;11:16]  #Francais[18;11:15] #Anglais[8,15:15]  #PC[7;11;09:9]"
BMP019,PM12NG7,DIOP,Marième,19-8-1997,3eme A,"PC[15;11:9]# Math[12;14,5;11:13]   #Francais[4;11:13]  #Anglais[13,8:15]  #SVT[12;9;16;11:12]  #HG[11:13]"
BMP019,89HY6F5,DIALLO,Ronald,09.05.2000,6 eme A,"Math[10;14,5:16] #PC[11:9]  #Francais[4;11:13]  #SVT[12;9;16;11:12] #HG[10:13]  #Anglais[13,5:15]"
BMP019,5D7BKJ2,FALL,Magui,30-08-2008,3em B,"Math[10;11:15] #Francais[7;12;8:13] #Anglais[13,5;9:15] #PC[11:9]  #SVT[12;9;16;11:12]  #HG[10:13]"
BMP019,PK0I89K,CAMARA,Rachid,15.02.2001,6emA,"PC[11:9]#   Math[12;14,5;11:13]   #Francais[14;11:13]  #Anglais[13,8:5]  #SVT[12;9;16;11:12]  #HG[11:13]"
BMP019,NO895G,DIOUF,Ibou,7/11/1994,5 em B,"Math[9;10,5;11:16] #PC[12;13:19]  #Francais[10;11:13]  #SVT[15;9;16;11:12] #HG[13:13]  #Anglais[13,12:15]"
BMP019,9F6J9TT,POUYE,Ousseynou,2.12.1985,4em A,"Math[10;14,5;11;15:17] #PC[11;16:16]  #Francais[16;11:13]  #SVT[12;3;17;18:12] #HG[14;12:11]  #Anglais[13,5:15]"
BMP019,6G6F9F1,DEME,Mahi,27.10.1993,3 eme B,"PC[11;11:9] #Math[14,15;11:13] #Francais[14;12:13]  #Anglais[12,8:15]  #SVT[10;9;16;13:12]  #HG[10:16]"
BMP019,BH54JJ6,DUBOIS,Bachir,15-9-1994,5 em A,"Math[10;15:15] #Francais[17;9;8:13] #Anglais[10,5;9:15] #PC[10;13:11]  #SVT[12;11;16;8:12]  #HG[10:10]"
BNT021,NT129YK,T8UR5,Kine,12.32.1990,4 em A,"SVT[12;19;01:04] #HG[15:11]  #Math[12;14,5;11:13]  #Francais[18;11:10] #Anglais[17,5:15]  #PC[3;15:9]"
BNT021,PK0I89K,DUBOIS,Ousseynou,15-9-1994,5 eme B,"SVT[15;11;11:12] #HG[6;14:16]  #Math[10;12,19;11:16]  #Francais[18;11:15] #Anglais[8,15:15]  #PC[7;11;09:9]"
BNT021,NO895G,T8UR5,Mahi,12.32.1990,6 eme C,"PC[15;11:9]# Math[12;14,5;11:13]   #Francais[4;11:13]  #Anglais[13,8:15]  #SVT[12;9;16;11:12]  #HG[11:13]"
BNT021,BT3456YH,Dingka,Kaba,12/05/1997,4 eme A,"Math[10;14,5:16] #PC[11:9]  #Francais[4;11:13]  #SVT[12;9;16;11:12] #HG[10:13]  #Anglais[13,5:15]"
BNT021,PK0I89K,DUBOIS,Ousseynou,2.12.1985,5 eme D,"Math[10;11:15] #Francais[7;12;8:13] #Anglais[13,5;9:15] #PC[11:9]  #SVT[12;9;16;11:12]  #HG[10:13]"
BNT021,NO895G,T8UR5,Mahi,27.10.1993,4 eme A,"SVT[12;19;01:04] #HG[15:11]  #Math[12;14,5;11:13]  #Francais[18;11:10] #Anglais[17,5:15]  #PC[3;15:9]"
BNT021,PK0I89K,DUBOIS,Ousseynou,15-9-1994,6 eme B,"SVT[15;11;11:12] #HG[6;14:16]  #Math[10;12,19;11:16]  #Francais[18;11:15] #Anglais[8,15:15]  #PC[7;11;09:9]"
BNT021,NO895G,T8UR5,Mahi,12.32.1990,6 eme C,"PC[15;11:9]# Math[12;14,5;11:13]   #Francais[4;11:13]  #Anglais[13,8:15]  #SVT[12;9;16;11:12]  #HG[11:13]"
BNT021,PK0I89K,DUBOIS,Ousseynou,2.12.1985,3 eme A,"Math[10;14,5:16] #PC[11:9]  #Francais[4;11:13]  #SVT[12;9;16;11:12] #HG[10:13]  #Anglais[13,5:15]"
BNT021,NO895G,T8UR5,Mahi,27.10.1993,5 eme B,"Math[10;11:15] #Francais[7;12;8:13] #Anglais[13,5;9:15] #PC[11:9]  #SVT[12;9;16;11:12]  #HG[10:13]"
